world_region.Estimate,world_region.Est.Error,world_region.l.95..CI,world_region.u.95..CI,world_region.Rhat,world_region.Bulk_ESS,world_region.Tail_ESS,parameter
1.0586040478230239,0.8503191991073582,0.048723314144369194,3.240639653425872,1.0003015452462658,4877.365052291338,7397.389483669119,sd(Intercept)
1.4913811382471784,1.0975629394003728,0.09394009365938634,4.283439636242352,1.0007175703378703,2086.595785468832,4973.24826042544,sd(year_norm)
-0.40683371021190373,0.548413083504677,-0.9872698721856996,0.8713420068755228,1.0009558066728688,2734.7711397535295,6381.051410689943,"cor(Intercept,year_norm)"
