Estimate,Est.Error,l-95% CI,u-95% CI,Rhat,Bulk_ESS,Tail_ESS,parameter
-4.331009131096438,1.0723569202034033,-6.476246529569881,-2.2127725993724825,1.0001835148998373,9065.941321817292,8447.41100457223,Intercept
3.5514330407475936,1.0888226862014854,1.354832109026072,5.6742228407529955,1.000246310073356,7968.0077596510555,6680.629576793215,year_norm
0.9228830643221961,0.5651929630238746,-0.1675789644029015,2.0530087724612525,0.9999344723286117,20074.0982051016,10937.163837464403,literacy
2.5718369720576995,0.42871565269947876,1.767069701465298,3.451127631082677,1.0002070456576493,19030.61425563878,11569.419736635791,christian
1.4124648375187323,0.41361586457782074,0.6167668717165933,2.240428187911066,1.000079237149899,17554.788400989142,11400.236431854017,islamic
