Estimate,Est.Error,l-95% CI,u-95% CI,Rhat,Bulk_ESS,Tail_ESS,parameter
-1.8184934831184516,1.0959836413476807,-4.0949017039000095,0.2630949350869605,1.0000120455329624,10299.11678571489,10058.56432094808,Intercept
4.21903136366265,1.1416485406773131,2.1015268982821538,6.605601186327604,1.000259376635102,8503.730677744596,9313.672455754539,year_norm
-0.3498510818494853,0.6644365700335264,-1.7123078958054285,0.8879461503590388,1.0003371051035181,20468.55136103501,11322.718462664001,literacy
2.234155537931624,0.6592727486361634,1.0611781366924375,3.654962308581759,1.0004646915652602,17034.88889339795,10173.050374545901,christian
1.9528668697178129,0.8132410787795061,0.5309395209401552,3.735600264947744,1.0002723522266823,17369.956279453065,9870.6796458523,islamic
