world_region.Estimate,world_region.Est.Error,world_region.l.95..CI,world_region.u.95..CI,world_region.Rhat,world_region.Bulk_ESS,world_region.Tail_ESS,parameter
1.07123119417512,0.7510033357794634,0.07290964550088805,2.9314881711173513,1.0023028931205875,5099.716228974511,5150.270597531008,sd(Intercept)
1.2037885867172222,0.9412467068044711,0.060917148330083305,3.5965891440801476,1.0006003592719952,3394.177224414362,6719.888583279476,sd(year_norm)
-0.2816268103828947,0.553802747686107,-0.9705596167315769,0.8926528758310639,1.000251116020382,6001.493144854811,8911.898500742425,"cor(Intercept,year_norm)"
